[{"model": "sessions.session", "pk": "6f1hz7j7lrh6m07ddf6ccj2udcdiihr1", "fields": {"session_data": "OTNhMTdhNzZkMmM1YmNlNjRjNWE4N2VlNjdlOGEwZDNjNWIxMjA0Mjp7Il9hdXRoX3VzZXJfaWQiOiIxIiwiX2F1dGhfdXNlcl9iYWNrZW5kIjoiZGphbmdvLmNvbnRyaWIuYXV0aC5iYWNrZW5kcy5Nb2RlbEJhY2tlbmQiLCJfYXV0aF91c2VyX2hhc2giOiI1ZTM3ZTA4YmQyMTJmNGVkNTM3YTExNzkxNTgyNTU4MTQ3NGZlNzBlIn0=", "expire_date": "2021-02-27T07:52:04.697Z"}}, {"model": "sessions.session", "pk": "6owr4yufzp0q9e9p5u2ab09xps2rcs3r", "fields": {"session_data": "MDQ3YzFlMDNiMjRmMjdlZDgzMWI4MGQwMWY4M2UxNzYwY2EyZjNlMzp7Il9hdXRoX3VzZXJfaWQiOiI0NSIsIl9hdXRoX3VzZXJfYmFja2VuZCI6ImRqYW5nby5jb250cmliLmF1dGguYmFja2VuZHMuTW9kZWxCYWNrZW5kIiwiX2F1dGhfdXNlcl9oYXNoIjoiNzg2YmI4NTJiNGRmZjY2ZTI3MWQ2OGJhNjZlNTllZGRhZWI3Y2QxMyJ9", "expire_date": "2021-04-21T16:22:18.955Z"}}, {"model": "sessions.session", "pk": "htuu3uoj36zyeg944iif8qmfv8u58nun", "fields": {"session_data": "Zjc3NzdmM2M4NWY5OWZiMGZmMWFhZGY1MTlmMGJhYTE3MjZjZTQyNTp7Il9hdXRoX3VzZXJfaWQiOiIzOCIsIl9hdXRoX3VzZXJfYmFja2VuZCI6ImRqYW5nby5jb250cmliLmF1dGguYmFja2VuZHMuTW9kZWxCYWNrZW5kIiwiX2F1dGhfdXNlcl9oYXNoIjoiMWU3ZjdhNzBiM2Y5NTAyYzBkYTIxNDIxM2I5Y2JiOTJjMjljOTgzMCJ9", "expire_date": "2021-03-27T11:56:52.915Z"}}, {"model": "sessions.session", "pk": "io8oevliglsx7q5qt4w0f5cs21b53q6p", "fields": {"session_data": "MDQ3YzFlMDNiMjRmMjdlZDgzMWI4MGQwMWY4M2UxNzYwY2EyZjNlMzp7Il9hdXRoX3VzZXJfaWQiOiI0NSIsIl9hdXRoX3VzZXJfYmFja2VuZCI6ImRqYW5nby5jb250cmliLmF1dGguYmFja2VuZHMuTW9kZWxCYWNrZW5kIiwiX2F1dGhfdXNlcl9oYXNoIjoiNzg2YmI4NTJiNGRmZjY2ZTI3MWQ2OGJhNjZlNTllZGRhZWI3Y2QxMyJ9", "expire_date": "2021-04-09T05:35:49.511Z"}}, {"model": "sessions.session", "pk": "msoagxcz8dtlozy7ep3mv5adq3kfvhgb", "fields": {"session_data": "MDQ3YzFlMDNiMjRmMjdlZDgzMWI4MGQwMWY4M2UxNzYwY2EyZjNlMzp7Il9hdXRoX3VzZXJfaWQiOiI0NSIsIl9hdXRoX3VzZXJfYmFja2VuZCI6ImRqYW5nby5jb250cmliLmF1dGguYmFja2VuZHMuTW9kZWxCYWNrZW5kIiwiX2F1dGhfdXNlcl9oYXNoIjoiNzg2YmI4NTJiNGRmZjY2ZTI3MWQ2OGJhNjZlNTllZGRhZWI3Y2QxMyJ9", "expire_date": "2021-04-08T06:37:27.921Z"}}, {"model": "sessions.session", "pk": "xvnnzu3at2bn7szzk10ig053kd4fwlc9", "fields": {"session_data": "NjIyNzBkYzI3YTAxMzcyNGFlYTQ2ZGVlOTQyYmJmODk0YjQzM2RkODp7Im5leHQiOiIvIiwidmstb2F1dGgyX3N0YXRlIjoiSEsxVjdQaGNWS1ZhOUg5MmgwMnJjM3NVT1I3bDgxWlQiLCJfYXV0aF91c2VyX2lkIjoiNDQiLCJfYXV0aF91c2VyX2JhY2tlbmQiOiJzb2NpYWxfY29yZS5iYWNrZW5kcy52ay5WS09BdXRoMiIsIl9hdXRoX3VzZXJfaGFzaCI6ImRhZTMwZjgzYWM4MTUyY2M4NzY4MmY5NzlhMDA4MjMwMWRlNDMzYWEiLCJzb2NpYWxfYXV0aF9sYXN0X2xvZ2luX2JhY2tlbmQiOiJ2ay1vYXV0aDIifQ==", "expire_date": "2021-03-31T18:33:04.574Z"}}, {"model": "mainapp.productcategory", "pk": 1, "fields": {"name": "\u041d\u043e\u0432\u0438\u043d\u043a\u0438", "description": "\u041b\u0443\u0447\u0448\u0438\u0435 \u043d\u043e\u0432\u0438\u043d\u043a\u0438", "is_active": true}}, {"model": "mainapp.productcategory", "pk": 2, "fields": {"name": "\u041e\u0434\u0435\u0436\u0434\u0430", "description": "\u0411\u0430\u0437\u043e\u0432\u044b\u0439 \u0433\u0430\u0440\u0434\u0435\u0440\u043e\u0431", "is_active": true}}, {"model": "mainapp.productcategory", "pk": 3, "fields": {"name": "\u041e\u0431\u0443\u0432\u044c", "description": "\u041a\u043e\u0436\u0430\u043d\u0430\u044f \u043e\u0431\u0432\u0443\u044c", "is_active": true}}, {"model": "mainapp.productcategory", "pk": 4, "fields": {"name": "\u0410\u043a\u0441\u0435\u0441\u0441\u0443\u0430\u0440\u044b", "description": "\u0410\u043a\u0441\u0435\u0441\u0441\u0443\u0430\u0440\u044b \u0434\u043b\u044f \u0434\u0435\u0432\u0443\u0448\u0435\u043a", "is_active": true}}, {"model": "mainapp.productcategory", "pk": 5, "fields": {"name": "\u041f\u043e\u0434\u0430\u0440\u043a\u0438", "description": "\u041f\u043e\u0434\u0430\u0440\u043a\u0438 \u043d\u0430 \u0432\u0441\u0435 \u0441\u043b\u0443\u0447\u0430\u0438 \u0436\u0438\u0437\u043d\u0438", "is_active": true}}, {"model": "mainapp.product", "pk": 1, "fields": {"name": "x\u0443\u0434\u0438 \u0447\u0435\u0440\u043d\u043e\u0433\u043e \u0446\u0432\u0435\u0442\u0430 \u0441 \u043c\u043e\u043d\u043e\u0433\u0440\u0430\u043c\u043c\u0430\u043c\u0438 adidas Originals", "image": "products_images/Adidas-hoodie.png", "description": "\u043c\u044f\u0433\u043a\u0430\u044f \u0442\u043a\u0430\u043d\u044c \u0434\u043b\u044f \u0441\u0432\u0438\u0442\u0448\u043e\u0442\u043e\u0432. \u0421\u0442\u0438\u043b\u044c \u0438 \u043a\u043e\u043c\u0444\u043e\u0440\u0442 \u2013 \u044d\u0442\u043e \u043e\u0431\u0440\u0430\u0437 \u0436\u0438\u0437\u043d\u0438.", "short_description": "", "price": "6090.00", "quantity": 10, "category": 2, "is_active": true}}, {"model": "mainapp.product", "pk": 2, "fields": {"name": "\u0441\u0438\u043d\u044f\u044f \u043a\u0443\u0440\u0442\u043a\u0430 The North Face", "image": "products_images/Blue-jacket-The-North-Face.png", "description": "\u0441\u043b\u0430\u0434\u043a\u0430\u044f \u0442\u043a\u0430\u043d\u044c. \u0412\u043e\u0434\u043e\u043d\u0435\u043f\u0440\u043e\u043d\u0438\u0446\u0430\u0435\u043c\u043e\u0435 \u043f\u043e\u043a\u0440\u044b\u0442\u0438\u0435. \u041b\u0435\u0433\u043a\u0438\u0439 \u0438 \u0442\u0435\u043f\u043b\u044b\u0439 \u043f\u0443\u0445\u043e\u0432\u044b\u0439 \u043d\u0430\u043f\u043e\u043b\u043d\u0438\u0442\u0435\u043b\u044c.", "short_description": "", "price": "23725.00", "quantity": 3, "category": 2, "is_active": true}}, {"model": "mainapp.product", "pk": 3, "fields": {"name": "\u043a\u043e\u0440\u0438\u0447\u043d\u0435\u0432\u044b\u0439 \u0441\u043f\u043e\u0440\u0442\u0438\u0432\u043d\u044b\u0439 oversized-\u0442\u043e\u043f ASOS DESIGN", "image": "products_images/Brown-sports-oversized-top-ASOS-DESIGN.png", "description": "\u043c\u0430\u0442\u0435\u0440\u0438\u0430\u043b \u0441 \u043f\u043b\u044e\u0448\u0435\u0432\u043e\u0439 \u0442\u0435\u043a\u0441\u0442\u0443\u0440\u043e\u0439. \u0423\u0434\u043e\u0431\u043d\u044b\u0439 \u0438 \u043c\u044f\u0433\u043a\u0438\u0439.", "short_description": "", "price": "3390.00", "quantity": 8, "category": 2, "is_active": true}}, {"model": "mainapp.product", "pk": 4, "fields": {"name": "\u0447\u0435\u0440\u043d\u044b\u0439 \u0440\u044e\u043a\u0437\u0430\u043a Nike Heritage", "image": "products_images/Black-Nike-Heritage-backpack.png", "description": "\u043f\u043b\u043e\u0442\u043d\u0430\u044f \u0442\u043a\u0430\u043d\u044c. \u041b\u0435\u0433\u043a\u0438\u0439 \u043c\u0430\u0442\u0435\u0440\u0438\u0430\u043b.", "short_description": "", "price": "2340.00", "quantity": 2, "category": 4, "is_active": true}}, {"model": "mainapp.product", "pk": 5, "fields": {"name": "\u0447\u0435\u0440\u043d\u044b\u0435 \u0442\u0443\u0444\u043b\u0438 \u043d\u0430 \u043f\u043b\u0430\u0442\u0444\u043e\u0440\u043c\u0435 \u0441 3 \u043f\u0430\u0440\u0430\u043c\u0438 \u043b\u044e\u0432\u0435\u0440\u0441\u043e\u0432 Dr Martens 1461 Bex", "image": "products_images/Black-Dr-Martens-shoes.png", "description": "\u0433\u043b\u0430\u0434\u043a\u0438\u0439 \u043a\u043e\u0436\u0430\u043d\u044b\u0439 \u0432\u0435\u0440\u0445. \u041d\u0430\u0442\u0443\u0440\u0430\u043b\u044c\u043d\u044b\u0439 \u043c\u0430\u0442\u0435\u0440\u0438\u0430\u043b.", "short_description": "", "price": "13590.00", "quantity": 9, "category": 3, "is_active": true}}, {"model": "mainapp.product", "pk": 6, "fields": {"name": "\u0442\u0435\u043c\u043d\u043e-\u0441\u0438\u043d\u0438\u0435 \u0448\u0438\u0440\u043e\u043a\u0438\u0435 \u0441\u0442\u0440\u043e\u0433\u0438\u0435 \u0431\u0440\u044e\u043a\u0438 ASOS DESIGN", "image": "products_images/default.png", "description": "\u043b\u0435\u0433\u043a\u0430\u044f \u044d\u043b\u0430\u0441\u0442\u0438\u0447\u043d\u0430\u044f \u0442\u043a\u0430\u043d\u044c \u0441\u0438\u0440\u0441\u0430\u043a\u0435\u0440 \u0424\u0430\u043a\u0442\u0443\u0440\u043d\u0430\u044f \u0442\u043a\u0430\u043d\u044c.", "short_description": "", "price": "2890.00", "quantity": 2, "category": 1, "is_active": true}}, {"model": "authapp.user", "pk": 1, "fields": {"password": "pbkdf2_sha256$150000$soKHbkD2BFTv$5IOADYEP5SySNmud1r6Md3ECI58SnXLzuMFRizdPZ5A=", "last_login": "2021-02-13T07:52:04.692Z", "is_superuser": true, "username": "sergei", "first_name": "ag", "last_name": "\u041a\u043e\u0441\u0442\u0435\u043d\u043a\u043e", "email": "kostenkosergeig@gmail.com", "is_staff": true, "is_active": true, "date_joined": "2021-01-29T16:41:23.439Z", "avatar": "users_avatar/111_X1lpBwg.png", "age": 85, "city": "TKO", "activation_key": null, "activation_key_expires": "2021-03-15T07:24:57.740Z", "groups": [], "user_permissions": []}}, {"model": "authapp.user", "pk": 2, "fields": {"password": "pbkdf2_sha256$150000$HJ9EMRajViuD$rVbS4FzgfQWb20GduIRMEhGvsAo9vhYjN6b5qhyLUe8=", "last_login": "2021-02-02T15:43:21.446Z", "is_superuser": false, "username": "sergei1", "first_name": "Sergei", "last_name": "Kostenko", "email": "sdh1985@mail.ru", "is_staff": false, "is_active": false, "date_joined": "2021-01-30T08:19:53Z", "avatar": "users_avatar/112.png", "age": null, "city": "TKO", "activation_key": null, "activation_key_expires": "2021-03-15T07:24:57.740Z", "groups": [], "user_permissions": []}}, {"model": "authapp.user", "pk": 3, "fields": {"password": "pbkdf2_sha256$150000$cS6fYxkzSlwW$ZyR32qiIM7HFn+NH/MS5OrY75thX2UbvBXRAuLCrhDA=", "last_login": "2021-02-12T17:25:20.573Z", "is_superuser": false, "username": "sergei2", "first_name": "Sergei", "last_name": "Kostenko", "email": "", "is_staff": false, "is_active": true, "date_joined": "2021-01-30T09:44:42Z", "avatar": "users_avatar/logo2_dcqKNYO.png", "age": 45, "city": "LA", "activation_key": null, "activation_key_expires": "2021-03-15T07:24:57.740Z", "groups": [], "user_permissions": []}}, {"model": "authapp.user", "pk": 4, "fields": {"password": "pbkdf2_sha256$150000$gd14TN2wj3J0$HkBsTMmlcFTUsCKykJq/xJ0ewGbzlDFuQzHoMDWl+5U=", "last_login": "2021-01-30T10:04:17.987Z", "is_superuser": false, "username": "sergei3", "first_name": "Sergei", "last_name": "Kostenko", "email": "sdh1985@mail.ru", "is_staff": false, "is_active": true, "date_joined": "2021-01-30T10:03:06.055Z", "avatar": "", "age": 20, "city": "MSK", "activation_key": null, "activation_key_expires": "2021-03-15T07:24:57.740Z", "groups": [], "user_permissions": []}}, {"model": "authapp.user", "pk": 5, "fields": {"password": "pbkdf2_sha256$150000$E5WAqRu0shIR$Zd02S7JpesTXeB1/VXE9SxpUJjlgr1ksVTU6jGepmRs=", "last_login": "2021-01-30T10:12:57Z", "is_superuser": false, "username": "sergei4", "first_name": "Sergei", "last_name": "Kostenko", "email": "sdh1985@mail.ru", "is_staff": false, "is_active": true, "date_joined": "2021-01-30T10:12:24Z", "avatar": "", "age": 19, "city": "NY", "activation_key": null, "activation_key_expires": "2021-03-15T07:24:57.740Z", "groups": [], "user_permissions": []}}, {"model": "authapp.user", "pk": 6, "fields": {"password": "pbkdf2_sha256$150000$QSiyZw4kI1ap$0GXxKz4JaJ+BMA77/E287pNYaOPQKjAPwNBDVCENBXI=", "last_login": null, "is_superuser": false, "username": "sergei5", "first_name": "Sergei", "last_name": "\u041a\u043e\u0441\u0442\u0435\u043d\u043a\u043e", "email": "sdh1985@mail.ru", "is_staff": false, "is_active": true, "date_joined": "2021-01-30T15:58:27.404Z", "avatar": "", "age": 56, "city": "LA", "activation_key": null, "activation_key_expires": "2021-03-15T07:24:57.740Z", "groups": [], "user_permissions": []}}, {"model": "authapp.user", "pk": 7, "fields": {"password": "pbkdf2_sha256$150000$WByrtX0yy6Tc$fYIxarvDDcTlxfGD/hzl+7LT5LMHYRcXyehhTjLtDnc=", "last_login": "2021-01-30T17:00:01.362Z", "is_superuser": false, "username": "sergei6", "first_name": "Sergei", "last_name": "Kostenko", "email": "sdh1985@mail.ru", "is_staff": false, "is_active": true, "date_joined": "2021-01-30T16:59:41.816Z", "avatar": "", "age": 25, "city": "LA", "activation_key": null, "activation_key_expires": "2021-03-15T07:24:57.740Z", "groups": [], "user_permissions": []}}, {"model": "authapp.user", "pk": 8, "fields": {"password": "pbkdf2_sha256$150000$xAYU9wswQ2Ig$Iz5tulDSRG6GWvFwOnbPexCSJUiWI8nrukmB8ThbL7Y=", "last_login": null, "is_superuser": false, "username": "sergei7", "first_name": "Sergei", "last_name": "Kostenko", "email": "sdh1985@mail.ru", "is_staff": false, "is_active": true, "date_joined": "2021-02-05T17:27:57.666Z", "avatar": "", "age": 20, "city": "LA", "activation_key": null, "activation_key_expires": "2021-03-15T07:24:57.740Z", "groups": [], "user_permissions": []}}, {"model": "authapp.user", "pk": 9, "fields": {"password": "pbkdf2_sha256$150000$hEGcItdoxf6k$dR3W10k84nOs2klgdFa1kFTOgmGn9BjT9l1bnUG6bLU=", "last_login": "2021-02-13T07:43:39.964Z", "is_superuser": false, "username": "sergei8", "first_name": "Sergei", "last_name": "Kostenko", "email": "sdh1985@mail.ru", "is_staff": false, "is_active": true, "date_joined": "2021-02-05T17:32:02.839Z", "avatar": "", "age": 56, "city": "NY", "activation_key": null, "activation_key_expires": "2021-03-15T07:24:57.740Z", "groups": [], "user_permissions": []}}, {"model": "authapp.user", "pk": 11, "fields": {"password": "pbkdf2_sha256$150000$wVD7AyY6T4NI$zN6XEZzXrSHXBr6luWIX8DLrZxlwzGnhJXp/kY7c9/k=", "last_login": null, "is_superuser": false, "username": "sergei9", "first_name": "Sergei", "last_name": "Kostenko", "email": "kostenkosergeig@gmail.com", "is_staff": false, "is_active": true, "date_joined": "2021-02-09T17:27:41.019Z", "avatar": "users_avatar/logo1.png", "age": 25, "city": "MSK", "activation_key": null, "activation_key_expires": "2021-03-15T07:24:57.740Z", "groups": [], "user_permissions": []}}, {"model": "authapp.user", "pk": 13, "fields": {"password": "pbkdf2_sha256$150000$Cmq4Jis9Lqyo$UtPGBBx1MFJpZDoh/QNf19Bw+rQQFKHqZCMLcLyvwX0=", "last_login": null, "is_superuser": false, "username": "sergei12", "first_name": "Sergei12", "last_name": "Kostenko", "email": "kostenkosergeig@gmail.com", "is_staff": false, "is_active": true, "date_joined": "2021-02-12T17:32:55.866Z", "avatar": "users_avatar/Black-Nike-Heritage-backpack.png", "age": 65, "city": "LA", "activation_key": null, "activation_key_expires": "2021-03-15T07:24:57.740Z", "groups": [], "user_permissions": []}}, {"model": "authapp.user", "pk": 14, "fields": {"password": "pbkdf2_sha256$150000$rU2j3Q4XlLQd$QpAoyWdctuAYOKO4M3Iz1UF+5x4byv0CA4sxQK/HZnc=", "last_login": "2021-02-13T06:41:51.686Z", "is_superuser": false, "username": "sergei13", "first_name": "Ivan", "last_name": "Petrov", "email": "kostenkosergeig@gmail.com", "is_staff": false, "is_active": true, "date_joined": "2021-02-13T06:41:29.548Z", "avatar": "", "age": 45, "city": "LA", "activation_key": null, "activation_key_expires": "2021-03-15T07:24:57.740Z", "groups": [], "user_permissions": []}}, {"model": "authapp.user", "pk": 15, "fields": {"password": "pbkdf2_sha256$150000$mRg9joziENBp$utABl/xUERFx355CpjfRL7BiLlZdb6NWRlm9BN7sq60=", "last_login": "2021-02-13T07:51:16.153Z", "is_superuser": false, "username": "sergei14", "first_name": "Sergei", "last_name": "\u041a\u043e\u0441\u0442\u0435\u043d\u043a\u043e", "email": "kostenkosergeig@gmail.com", "is_staff": false, "is_active": false, "date_joined": "2021-02-13T07:50:56.196Z", "avatar": "", "age": 100, "city": "LA", "activation_key": null, "activation_key_expires": "2021-03-15T07:24:57.740Z", "groups": [], "user_permissions": []}}, {"model": "authapp.user", "pk": 16, "fields": {"password": "pbkdf2_sha256$150000$PlY5kqO2iiLc$12SEN3Ey1HKIQDEGmz/WbTRpWtLS6ZlBwrB/o7eiZ1A=", "last_login": "2021-03-30T17:21:38.867Z", "is_superuser": false, "username": "serg45", "first_name": "Sergei3", "last_name": "\u041a\u043e\u0441\u0442\u0435\u043d\u043a\u043e", "email": "nkoseregeieg@gmail.com", "is_staff": false, "is_active": true, "date_joined": "2021-03-13T05:55:31.630Z", "avatar": "", "age": 25, "city": "MSK", "activation_key": null, "activation_key_expires": "2021-03-15T07:24:57.740Z", "groups": [], "user_permissions": []}}, {"model": "authapp.user", "pk": 17, "fields": {"password": "pbkdf2_sha256$150000$rYAhhz8D0ZbR$npAPqHLMFKM0JtVN1RtVSIYF1yu5iN7cD141SaYybTw=", "last_login": null, "is_superuser": false, "username": "serg46", "first_name": "SergeiIvanovich", "last_name": "Petrov", "email": "nkosergeig@gmail.com", "is_staff": false, "is_active": false, "date_joined": "2021-03-13T07:59:38.855Z", "avatar": "", "age": 58, "city": "LA", "activation_key": "789d4df1d0b9b75fee7485aa305901d0341872b1", "activation_key_expires": "2021-03-15T07:57:28.883Z", "groups": [], "user_permissions": []}}, {"model": "authapp.user", "pk": 18, "fields": {"password": "pbkdf2_sha256$150000$gRgdCm5VaXpZ$4HTYFW78EtI/wG9HWjn/1JKz5/ZvVuQ4htdxmkAcjcE=", "last_login": null, "is_superuser": false, "username": "sergei88", "first_name": "serg47", "last_name": "Petrov", "email": "jnkosergeig@gmail.com", "is_staff": false, "is_active": false, "date_joined": "2021-03-13T09:05:10.584Z", "avatar": "", "age": 85, "city": "LA", "activation_key": "e95e50959da121d5bde9b705145b9a8f592124fd", "activation_key_expires": "2021-03-15T09:04:49.813Z", "groups": [], "user_permissions": []}}, {"model": "authapp.user", "pk": 19, "fields": {"password": "pbkdf2_sha256$150000$ccdb2V0vfEhc$+ub12kCBzaxCi62RIDkCBiLflgcokkNUQEu3glRgzxQ=", "last_login": null, "is_superuser": false, "username": "serg48", "first_name": "Sergei12", "last_name": "Kostenko", "email": "nkosergeig@gmail.com", "is_staff": false, "is_active": false, "date_joined": "2021-03-13T09:08:43.309Z", "avatar": "", "age": 85, "city": "MSK", "activation_key": "d82e163740ede0515e981f383b7adff8f6b06a98", "activation_key_expires": "2021-03-15T09:04:49.813Z", "groups": [], "user_permissions": []}}, {"model": "authapp.user", "pk": 20, "fields": {"password": "pbkdf2_sha256$150000$s6DHVsMtB0No$8fRuWNt9trh3hOwKKmvpOij8PTZ/1wjrcIxb8je6V7w=", "last_login": null, "is_superuser": false, "username": "serg49", "first_name": "Sergei12", "last_name": "\u041a\u043e\u0441\u0442\u0435\u043d\u043a\u043e", "email": "sdh1985@mail.ru", "is_staff": false, "is_active": false, "date_joined": "2021-03-13T09:13:46.987Z", "avatar": "", "age": 56, "city": "MSK", "activation_key": "91bc3823636d076736ffbbfb5ca64e6489839f3e", "activation_key_expires": "2021-03-15T09:12:10.337Z", "groups": [], "user_permissions": []}}, {"model": "authapp.user", "pk": 21, "fields": {"password": "pbkdf2_sha256$150000$RmUiUsQOufRm$TS9I0WWYjIFU7O9h3h8N6aXgJ6cwplOG/TI5jM26aWM=", "last_login": null, "is_superuser": false, "username": "serg50", "first_name": "Sergei123", "last_name": "Petrov", "email": "sdh1985@mail.ru", "is_staff": false, "is_active": false, "date_joined": "2021-03-13T09:20:19.985Z", "avatar": "", "age": 99, "city": "MSK", "activation_key": "064802b201b410c7de36eb0dd684153cf765d63c", "activation_key_expires": "2021-03-15T09:15:47.979Z", "groups": [], "user_permissions": []}}, {"model": "authapp.user", "pk": 22, "fields": {"password": "pbkdf2_sha256$150000$iIklszeMfXVy$iNex37BUK89BMcS1xYZwcJ+BdBx6JIvmJnYI8MnPog8=", "last_login": null, "is_superuser": false, "username": "serg52", "first_name": "Sergei12", "last_name": "\u041a\u043e\u0441\u0442\u0435\u043d\u043a\u043e", "email": "sdh1985@mail.ru", "is_staff": false, "is_active": false, "date_joined": "2021-03-13T09:41:42.619Z", "avatar": "", "age": 56, "city": "MSK", "activation_key": "3363687d670d88bc029dae64bc4d2f19dfca7d48", "activation_key_expires": "2021-03-15T09:41:10.678Z", "groups": [], "user_permissions": []}}, {"model": "authapp.user", "pk": 23, "fields": {"password": "pbkdf2_sha256$150000$P2uOg0IvLa48$+iJFFPHUjHrchsPlvBy7f2vl4egn5K7EhY2MVV2dYVQ=", "last_login": null, "is_superuser": false, "username": "serg53", "first_name": "Ivan", "last_name": "Kostenko99", "email": "sdh1985@mail.ru", "is_staff": false, "is_active": false, "date_joined": "2021-03-13T09:42:44.149Z", "avatar": "", "age": 456, "city": "MSK", "activation_key": "025478ae7e8ea4c78a90bb489f2a06d11ab5f540", "activation_key_expires": "2021-03-15T09:42:14.612Z", "groups": [], "user_permissions": []}}, {"model": "authapp.user", "pk": 24, "fields": {"password": "pbkdf2_sha256$150000$e5mu31VYCmXS$x6lsrj0VuIrv0bSYMQlhBTAWuL03hAwFnFjVBGVkAgw=", "last_login": null, "is_superuser": false, "username": "serg54", "first_name": "Sergei", "last_name": "Kostenko", "email": "koste445nkosergeig@gmail.com", "is_staff": false, "is_active": false, "date_joined": "2021-03-13T09:44:06.192Z", "avatar": "", "age": 456, "city": "NY", "activation_key": "515a218e0a5bc41f71dd4e0415cf4e44c8b9d789", "activation_key_expires": "2021-03-15T09:42:14.612Z", "groups": [], "user_permissions": []}}, {"model": "authapp.user", "pk": 25, "fields": {"password": "pbkdf2_sha256$150000$zUo9I6Vkr7m9$oVi8l9Zj6hsOkExKq1IrUjennl0DfBqY7HoPsEvWrHU=", "last_login": null, "is_superuser": false, "username": "serg55", "first_name": "Sergei12f", "last_name": "Kostenkow", "email": "sdh19d85@mail.ru", "is_staff": false, "is_active": false, "date_joined": "2021-03-13T09:52:17.769Z", "avatar": "", "age": 25, "city": "MSK", "activation_key": "f334614fbd4f8a9c2af40f3df32b1d232439d5f5", "activation_key_expires": "2021-03-15T09:42:14.612Z", "groups": [], "user_permissions": []}}, {"model": "authapp.user", "pk": 26, "fields": {"password": "pbkdf2_sha256$150000$aJv6UJf6PKE8$6HouYYfQWvfgbZgmXewhzGZW3aN16rLlPGpUpaK1lBU=", "last_login": null, "is_superuser": false, "username": "sergei53", "first_name": "Sergei", "last_name": "Kostenkow", "email": "sdh1ee985@mail.ru", "is_staff": false, "is_active": false, "date_joined": "2021-03-13T10:21:45.466Z", "avatar": "", "age": 25, "city": "MSK", "activation_key": "f61da3a245b2f825bab2b74ccd8780d182a661cf", "activation_key_expires": "2021-03-15T10:20:23.388Z", "groups": [], "user_permissions": []}}, {"model": "authapp.user", "pk": 27, "fields": {"password": "pbkdf2_sha256$150000$vIZ7MHtLdgDB$ZO1lBwp/7YS+eWx4P2gcgFcUZKkoMFVdjZf0F0nW0tI=", "last_login": null, "is_superuser": false, "username": "serg57", "first_name": "Sergei222", "last_name": "Kostenko22", "email": "sdh19853@mail.ru", "is_staff": false, "is_active": false, "date_joined": "2021-03-13T10:25:43.520Z", "avatar": "", "age": 23, "city": "MSK", "activation_key": "083ba784ec60bcae4faf5492ecabfd5f2691fad4", "activation_key_expires": "2021-03-15T10:25:01.587Z", "groups": [], "user_permissions": []}}, {"model": "authapp.user", "pk": 28, "fields": {"password": "pbkdf2_sha256$150000$6u9T1iZKHJzR$lHhhRtWsvw/Vt+/KwTQ0I1F2TkaGXqcyLtE5fg5ywqM=", "last_login": null, "is_superuser": false, "username": "serg58", "first_name": "Sergei12", "last_name": "Kostenkod", "email": "sdh19rr85@mail.ru", "is_staff": false, "is_active": false, "date_joined": "2021-03-13T10:27:05.117Z", "avatar": "", "age": 52, "city": "MSK", "activation_key": "854619531249da1c12262213dcb8e6096cc19606", "activation_key_expires": "2021-03-15T10:26:31.093Z", "groups": [], "user_permissions": []}}, {"model": "authapp.user", "pk": 29, "fields": {"password": "pbkdf2_sha256$150000$vrUKVQrsXiyI$c58kxk34aGcBGFYUrXQLkhnI2oKBTliUGpTmi1e2uPw=", "last_login": null, "is_superuser": false, "username": "serg59", "first_name": "Sergeid", "last_name": "Kostenko99f", "email": "sddfgh1985@mail.ru", "is_staff": false, "is_active": true, "date_joined": "2021-03-13T10:32:25.743Z", "avatar": "", "age": 58, "city": "MSK", "activation_key": null, "activation_key_expires": "2021-03-15T10:31:43.526Z", "groups": [], "user_permissions": []}}, {"model": "authapp.user", "pk": 30, "fields": {"password": "pbkdf2_sha256$150000$ezzhbRkzP7my$eska/OPGYcZGryznpbbMOWsHmFIbjj81PNg0Y4m8viA=", "last_login": null, "is_superuser": false, "username": "serg60", "first_name": "Sergeifff", "last_name": "Kostenkofff", "email": "sdh198ddg5@mail.ru", "is_staff": false, "is_active": false, "date_joined": "2021-03-13T10:36:29.412Z", "avatar": "", "age": 585, "city": "MSK", "activation_key": "fea966eb9b5b3f6755f123b51fbf67a0dbe248bb", "activation_key_expires": "2021-03-15T10:35:20.618Z", "groups": [], "user_permissions": []}}, {"model": "authapp.user", "pk": 31, "fields": {"password": "pbkdf2_sha256$150000$fyEIFyL1SJEX$uMS57/YPYwabaZvySYuZtIVIR3lAMTkAo8bwcWWQFMQ=", "last_login": null, "is_superuser": false, "username": "serg70", "first_name": "ialgiuut", "last_name": "aiptiiit", "email": "sdlahlutyh1985@mail.ru", "is_staff": false, "is_active": false, "date_joined": "2021-03-13T10:41:41.893Z", "avatar": "", "age": 69, "city": "MSK", "activation_key": "ede054e4f6b60d4937aff67339d2c64ac8351a00", "activation_key_expires": "2021-03-15T10:39:53.438Z", "groups": [], "user_permissions": []}}, {"model": "authapp.user", "pk": 32, "fields": {"password": "pbkdf2_sha256$150000$DQY03i3EOLik$EBKTt5FnSjL8LyJxV1InvluCd3vnNYc9lUuIbhOXWoM=", "last_login": null, "is_superuser": false, "username": "serg75", "first_name": "lhohltlh", "last_name": "al;jj;jf;g", "email": "sddfgh1985@mail.ru", "is_staff": false, "is_active": true, "date_joined": "2021-03-13T10:47:33.248Z", "avatar": "", "age": 25, "city": "NY", "activation_key": null, "activation_key_expires": "2021-03-15T10:46:56.790Z", "groups": [], "user_permissions": []}}, {"model": "authapp.user", "pk": 33, "fields": {"password": "pbkdf2_sha256$150000$GhsL2STL7umX$f6P/0oRbkrkYSLcu6KOplITFZt0KTEN3KLMIlvWgqXk=", "last_login": "2021-03-13T10:59:28.269Z", "is_superuser": false, "username": "serg77", "first_name": "Sergeibx", "last_name": "Kostenkodg", "email": "srhe1985@mail.ru", "is_staff": false, "is_active": true, "date_joined": "2021-03-13T10:58:43.048Z", "avatar": "", "age": 253, "city": "NY", "activation_key": null, "activation_key_expires": "2021-03-15T10:58:06.761Z", "groups": [], "user_permissions": []}}, {"model": "authapp.user", "pk": 34, "fields": {"password": "pbkdf2_sha256$150000$g5pyE3ZuEW9y$y36FY0dVOJ9+mjTaHf920dQRt6kLljbTmzkB50Isva0=", "last_login": "2021-03-13T11:38:01.886Z", "is_superuser": false, "username": "serg776", "first_name": "Sergei", "last_name": "Kostenko", "email": "sdsghh1985@mail.ru", "is_staff": false, "is_active": true, "date_joined": "2021-03-13T11:36:24.907Z", "avatar": "", "age": 25, "city": "MSK", "activation_key": null, "activation_key_expires": "2021-03-15T11:35:50.763Z", "groups": [], "user_permissions": []}}, {"model": "authapp.user", "pk": 35, "fields": {"password": "pbkdf2_sha256$150000$6knkl8ZmU0Hw$QFXmpF2dxqGfXmnyg0nh6kGr+pcuFg7C9YOVG4Gy+ZU=", "last_login": "2021-03-13T11:43:07.038Z", "is_superuser": false, "username": "serg80", "first_name": "Sergeiww", "last_name": "Kostenkoee", "email": "sdhgh1985@mail.ru", "is_staff": false, "is_active": true, "date_joined": "2021-03-13T11:42:49.124Z", "avatar": "", "age": 25, "city": "MSK", "activation_key": null, "activation_key_expires": "2021-03-15T11:35:50.763Z", "groups": [], "user_permissions": []}}, {"model": "authapp.user", "pk": 36, "fields": {"password": "pbkdf2_sha256$150000$ZYqUGcjIlJWR$+jogRPEgkgA9GZU8HKJ171rtkXVaMam1sSgKc+2ejLY=", "last_login": "2021-03-13T11:48:25.492Z", "is_superuser": false, "username": "serg88", "first_name": "Sergeia", "last_name": "Kostenkosfsa", "email": "sdhga51985@mail.ru", "is_staff": false, "is_active": true, "date_joined": "2021-03-13T11:48:06.159Z", "avatar": "", "age": 63, "city": "MSK", "activation_key": null, "activation_key_expires": "2021-03-15T11:35:50.763Z", "groups": [], "user_permissions": []}}, {"model": "authapp.user", "pk": 37, "fields": {"password": "pbkdf2_sha256$150000$OPpPBWJSNHYQ$jE8VTraQG5vbzqUEz2u7iMsvN5oa0HNxFj5xXjj4JaE=", "last_login": "2021-03-13T11:54:39.200Z", "is_superuser": false, "username": "sergei4568", "first_name": "Sergeigan", "last_name": "Petrov", "email": "sdh1985@mail.ru", "is_staff": false, "is_active": true, "date_joined": "2021-03-13T11:53:18.436Z", "avatar": "", "age": 23, "city": "MSK", "activation_key": null, "activation_key_expires": "2021-03-15T11:35:50.763Z", "groups": [], "user_permissions": []}}, {"model": "authapp.user", "pk": 38, "fields": {"password": "pbkdf2_sha256$150000$lNeKeqpkQllg$bB2vhV3h4il+aULqRCMbcWqLVNdyULKIgSMvEre6YlU=", "last_login": "2021-03-13T11:56:52.897Z", "is_superuser": false, "username": "sergei234", "first_name": "Sergei", "last_name": "\u041a\u043e\u0441\u0442\u0435\u043d\u043a\u043e", "email": "sdhfqt1985@mail.ru", "is_staff": false, "is_active": true, "date_joined": "2021-03-13T11:56:35.322Z", "avatar": "", "age": 58, "city": "MSK", "activation_key": null, "activation_key_expires": "2021-03-15T11:35:50.763Z", "groups": [], "user_permissions": []}}, {"model": "authapp.user", "pk": 39, "fields": {"password": "pbkdf2_sha256$150000$zuyjJpnJydGe$3e8xpIfFfCZJk6XLEGzXphxB7n708Rvz0fjDS75KLMc=", "last_login": null, "is_superuser": false, "username": "serg90", "first_name": "Sergei", "last_name": "Petrov", "email": "kostwenkosergeig@gmail.com", "is_staff": false, "is_active": false, "date_joined": "2021-03-16T15:55:16.202Z", "avatar": "", "age": 85, "city": "MSK", "activation_key": "5ee1e6be397bbb475687dd1ed027e7e69341ed6d", "activation_key_expires": "2021-03-18T15:53:40.732Z", "groups": [], "user_permissions": []}}, {"model": "authapp.user", "pk": 40, "fields": {"password": "pbkdf2_sha256$150000$Z11XHQ14d1gD$pn9q+lAmZua44ePaTK7ff1m6nQhjYFRXaeK4CMqTSF0=", "last_login": "2021-03-16T16:00:40.792Z", "is_superuser": false, "username": "serg100", "first_name": "Sergei12", "last_name": "Kostenko", "email": "sdh1fa985@mail.ru", "is_staff": false, "is_active": true, "date_joined": "2021-03-16T16:00:20.154Z", "avatar": "", "age": 56, "city": "MSK", "activation_key": null, "activation_key_expires": "2021-03-18T15:53:40.732Z", "groups": [], "user_permissions": []}}, {"model": "authapp.user", "pk": 41, "fields": {"password": "pbkdf2_sha256$150000$tw9SqPnaOhdc$76++LBV8Rq3MZwMmQpGCFin6zUCpFsaL51OPtnUo8PE=", "last_login": "2021-03-16T16:10:06.572Z", "is_superuser": false, "username": "serg101", "first_name": "Sergei12", "last_name": "\u041a\u043e\u0441\u0442\u0435\u043d\u043a\u043e", "email": "sdhfgq41985@mail.ru", "is_staff": false, "is_active": true, "date_joined": "2021-03-16T16:08:46.588Z", "avatar": "", "age": 25, "city": "MSK", "activation_key": null, "activation_key_expires": "2021-03-18T16:07:50.010Z", "groups": [], "user_permissions": []}}, {"model": "authapp.user", "pk": 44, "fields": {"password": "!MvcpS1WJdnpOkBLV0JFgANL2Pya1VSCRsGIgYMFV", "last_login": "2021-03-17T18:33:04.568Z", "is_superuser": false, "username": "kostenko_sergey", "first_name": "Sergey", "last_name": "Kostenko", "email": "sdh1985@mail.ru", "is_staff": false, "is_active": true, "date_joined": "2021-03-17T18:33:04.449Z", "avatar": "", "age": 18, "city": "MSK", "activation_key": null, "activation_key_expires": "2021-03-19T18:32:52.081Z", "groups": [], "user_permissions": []}}, {"model": "authapp.user", "pk": 45, "fields": {"password": "pbkdf2_sha256$150000$9O8Af1NbBUKm$JZvM6ItDlalEStG7NDbqgTlbvcwOzmqFZy3qe42Qu8s=", "last_login": "2021-04-07T16:22:18.817Z", "is_superuser": true, "username": "admin2", "first_name": "", "last_name": "", "email": "admin@mail.ru", "is_staff": true, "is_active": true, "date_joined": "2021-03-20T08:11:25.696Z", "avatar": "", "age": 18, "city": "MSK", "activation_key": null, "activation_key_expires": "2021-03-22T08:10:27.240Z", "groups": [], "user_permissions": []}}, {"model": "authapp.shopuserprofile", "pk": 1, "fields": {"user": ["sergei"], "tagline": "", "aboutMe": "", "gender": ""}}, {"model": "authapp.shopuserprofile", "pk": 2, "fields": {"user": ["sergei1"], "tagline": "", "aboutMe": "", "gender": ""}}, {"model": "authapp.shopuserprofile", "pk": 3, "fields": {"user": ["sergei2"], "tagline": "", "aboutMe": "", "gender": ""}}, {"model": "authapp.shopuserprofile", "pk": 4, "fields": {"user": ["sergei3"], "tagline": "", "aboutMe": "", "gender": ""}}, {"model": "authapp.shopuserprofile", "pk": 5, "fields": {"user": ["sergei4"], "tagline": "", "aboutMe": "", "gender": ""}}, {"model": "authapp.shopuserprofile", "pk": 6, "fields": {"user": ["sergei5"], "tagline": "", "aboutMe": "", "gender": ""}}, {"model": "authapp.shopuserprofile", "pk": 7, "fields": {"user": ["sergei6"], "tagline": "", "aboutMe": "", "gender": ""}}, {"model": "authapp.shopuserprofile", "pk": 8, "fields": {"user": ["sergei7"], "tagline": "", "aboutMe": "", "gender": ""}}, {"model": "authapp.shopuserprofile", "pk": 9, "fields": {"user": ["sergei8"], "tagline": "", "aboutMe": "", "gender": ""}}, {"model": "authapp.shopuserprofile", "pk": 10, "fields": {"user": ["sergei9"], "tagline": "", "aboutMe": "", "gender": ""}}, {"model": "authapp.shopuserprofile", "pk": 11, "fields": {"user": ["sergei12"], "tagline": "", "aboutMe": "", "gender": ""}}, {"model": "authapp.shopuserprofile", "pk": 12, "fields": {"user": ["sergei13"], "tagline": "", "aboutMe": "", "gender": ""}}, {"model": "authapp.shopuserprofile", "pk": 13, "fields": {"user": ["sergei14"], "tagline": "", "aboutMe": "", "gender": ""}}, {"model": "authapp.shopuserprofile", "pk": 14, "fields": {"user": ["serg45"], "tagline": "", "aboutMe": "", "gender": ""}}, {"model": "authapp.shopuserprofile", "pk": 15, "fields": {"user": ["serg46"], "tagline": "", "aboutMe": "", "gender": ""}}, {"model": "authapp.shopuserprofile", "pk": 16, "fields": {"user": ["sergei88"], "tagline": "", "aboutMe": "", "gender": ""}}, {"model": "authapp.shopuserprofile", "pk": 17, "fields": {"user": ["serg48"], "tagline": "", "aboutMe": "", "gender": ""}}, {"model": "authapp.shopuserprofile", "pk": 18, "fields": {"user": ["serg49"], "tagline": "", "aboutMe": "", "gender": ""}}, {"model": "authapp.shopuserprofile", "pk": 19, "fields": {"user": ["serg50"], "tagline": "", "aboutMe": "", "gender": ""}}, {"model": "authapp.shopuserprofile", "pk": 20, "fields": {"user": ["serg52"], "tagline": "", "aboutMe": "", "gender": ""}}, {"model": "authapp.shopuserprofile", "pk": 21, "fields": {"user": ["serg53"], "tagline": "", "aboutMe": "", "gender": ""}}, {"model": "authapp.shopuserprofile", "pk": 22, "fields": {"user": ["serg54"], "tagline": "", "aboutMe": "", "gender": ""}}, {"model": "authapp.shopuserprofile", "pk": 23, "fields": {"user": ["serg55"], "tagline": "", "aboutMe": "", "gender": ""}}, {"model": "authapp.shopuserprofile", "pk": 24, "fields": {"user": ["sergei53"], "tagline": "", "aboutMe": "", "gender": ""}}, {"model": "authapp.shopuserprofile", "pk": 25, "fields": {"user": ["serg57"], "tagline": "", "aboutMe": "", "gender": ""}}, {"model": "authapp.shopuserprofile", "pk": 26, "fields": {"user": ["serg58"], "tagline": "", "aboutMe": "", "gender": ""}}, {"model": "authapp.shopuserprofile", "pk": 27, "fields": {"user": ["serg59"], "tagline": "", "aboutMe": "", "gender": ""}}, {"model": "authapp.shopuserprofile", "pk": 28, "fields": {"user": ["serg60"], "tagline": "", "aboutMe": "", "gender": ""}}, {"model": "authapp.shopuserprofile", "pk": 29, "fields": {"user": ["serg70"], "tagline": "", "aboutMe": "", "gender": ""}}, {"model": "authapp.shopuserprofile", "pk": 30, "fields": {"user": ["serg75"], "tagline": "", "aboutMe": "", "gender": ""}}, {"model": "authapp.shopuserprofile", "pk": 31, "fields": {"user": ["serg77"], "tagline": "", "aboutMe": "", "gender": ""}}, {"model": "authapp.shopuserprofile", "pk": 32, "fields": {"user": ["serg776"], "tagline": "", "aboutMe": "", "gender": ""}}, {"model": "authapp.shopuserprofile", "pk": 33, "fields": {"user": ["serg80"], "tagline": "", "aboutMe": "", "gender": ""}}, {"model": "authapp.shopuserprofile", "pk": 34, "fields": {"user": ["serg88"], "tagline": "", "aboutMe": "", "gender": ""}}, {"model": "authapp.shopuserprofile", "pk": 35, "fields": {"user": ["sergei4568"], "tagline": "", "aboutMe": "", "gender": ""}}, {"model": "authapp.shopuserprofile", "pk": 36, "fields": {"user": ["sergei234"], "tagline": "", "aboutMe": "", "gender": ""}}, {"model": "authapp.shopuserprofile", "pk": 37, "fields": {"user": ["serg90"], "tagline": "", "aboutMe": "", "gender": ""}}, {"model": "authapp.shopuserprofile", "pk": 38, "fields": {"user": ["serg100"], "tagline": "", "aboutMe": "", "gender": ""}}, {"model": "authapp.shopuserprofile", "pk": 39, "fields": {"user": ["serg101"], "tagline": "", "aboutMe": "", "gender": ""}}, {"model": "basket.basket", "pk": 10, "fields": {"user": ["sergei2"], "product": 2, "quantity": 3, "created_timestamp": "2021-02-05T17:47:59.995Z"}}, {"model": "basket.basket", "pk": 12, "fields": {"user": ["sergei2"], "product": 5, "quantity": 3, "created_timestamp": "2021-02-05T18:37:20.348Z"}}, {"model": "basket.basket", "pk": 15, "fields": {"user": ["sergei"], "product": 1, "quantity": 1, "created_timestamp": "2021-02-07T13:52:01.274Z"}}, {"model": "basket.basket", "pk": 16, "fields": {"user": ["sergei"], "product": 3, "quantity": 2, "created_timestamp": "2021-02-07T13:52:04.014Z"}}, {"model": "basket.basket", "pk": 18, "fields": {"user": ["sergei"], "product": 4, "quantity": 1, "created_timestamp": "2021-02-13T07:52:15.213Z"}}, {"model": "basket.basket", "pk": 21, "fields": {"user": ["sergei234"], "product": 3, "quantity": 1, "created_timestamp": "2021-03-13T15:52:23.943Z"}}, {"model": "basket.basket", "pk": 22, "fields": {"user": ["sergei234"], "product": 6, "quantity": 3, "created_timestamp": "2021-03-13T15:52:26.048Z"}}, {"model": "basket.basket", "pk": 52, "fields": {"user": ["admin2"], "product": 2, "quantity": 1, "created_timestamp": "2021-03-26T05:57:19.581Z"}}, {"model": "basket.basket", "pk": 53, "fields": {"user": ["admin2"], "product": 3, "quantity": 1, "created_timestamp": "2021-03-26T05:57:21.186Z"}}, {"model": "basket.basket", "pk": 61, "fields": {"user": ["serg45"], "product": 2, "quantity": 1, "created_timestamp": "2021-04-06T17:18:20.013Z"}}, {"model": "basket.basket", "pk": 62, "fields": {"user": ["serg45"], "product": 1, "quantity": 1, "created_timestamp": "2021-04-06T17:27:38.540Z"}}, {"model": "ordersapp.order", "pk": 1, "fields": {"user": ["serg45"], "created": "2021-03-20T07:35:43.933Z", "updated": "2021-03-31T19:46:52.709Z", "status": "STP", "is_active": false}}, {"model": "ordersapp.order", "pk": 2, "fields": {"user": ["serg45"], "created": "2021-03-20T07:36:04.151Z", "updated": "2021-03-20T07:52:22.572Z", "status": "FM", "is_active": false}}, {"model": "ordersapp.order", "pk": 3, "fields": {"user": ["serg45"], "created": "2021-03-20T07:42:22.049Z", "updated": "2021-03-20T08:04:08.524Z", "status": "FM", "is_active": false}}, {"model": "ordersapp.order", "pk": 4, "fields": {"user": ["serg45"], "created": "2021-03-20T07:52:17.633Z", "updated": "2021-03-22T16:25:37.218Z", "status": "FM", "is_active": false}}, {"model": "ordersapp.order", "pk": 5, "fields": {"user": ["serg45"], "created": "2021-03-20T08:20:16.212Z", "updated": "2021-03-20T12:05:57.686Z", "status": "STP", "is_active": true}}, {"model": "ordersapp.order", "pk": 6, "fields": {"user": ["serg45"], "created": "2021-03-22T16:25:33.326Z", "updated": "2021-03-24T19:34:39.504Z", "status": "FM", "is_active": false}}, {"model": "ordersapp.order", "pk": 7, "fields": {"user": ["serg45"], "created": "2021-03-24T19:33:14.236Z", "updated": "2021-03-24T19:33:49.316Z", "status": "FM", "is_active": false}}, {"model": "ordersapp.order", "pk": 8, "fields": {"user": ["serg45"], "created": "2021-03-24T19:34:19.168Z", "updated": "2021-03-24T19:34:19.195Z", "status": "FM", "is_active": false}}, {"model": "ordersapp.order", "pk": 9, "fields": {"user": ["admin2"], "created": "2021-03-25T06:21:15.542Z", "updated": "2021-03-26T06:44:42.072Z", "status": "FM", "is_active": true}}, {"model": "ordersapp.order", "pk": 10, "fields": {"user": ["admin2"], "created": "2021-03-25T06:24:14.286Z", "updated": "2021-03-25T06:24:14.299Z", "status": "FM", "is_active": true}}, {"model": "ordersapp.order", "pk": 11, "fields": {"user": ["admin2"], "created": "2021-03-25T06:28:11.294Z", "updated": "2021-03-25T06:28:11.305Z", "status": "FM", "is_active": true}}, {"model": "ordersapp.order", "pk": 12, "fields": {"user": ["admin2"], "created": "2021-03-25T06:37:54.223Z", "updated": "2021-03-26T06:44:46.626Z", "status": "FM", "is_active": false}}, {"model": "ordersapp.order", "pk": 13, "fields": {"user": ["admin2"], "created": "2021-03-25T07:37:48.232Z", "updated": "2021-03-25T07:37:48.248Z", "status": "FM", "is_active": true}}, {"model": "ordersapp.order", "pk": 14, "fields": {"user": ["admin2"], "created": "2021-03-25T07:51:59.293Z", "updated": "2021-03-25T07:51:59.303Z", "status": "FM", "is_active": true}}, {"model": "ordersapp.order", "pk": 15, "fields": {"user": ["admin2"], "created": "2021-03-25T07:52:32.883Z", "updated": "2021-03-25T07:52:32.892Z", "status": "FM", "is_active": true}}, {"model": "ordersapp.order", "pk": 16, "fields": {"user": ["serg45"], "created": "2021-04-03T06:41:25.835Z", "updated": "2021-04-03T06:41:25.876Z", "status": "FM", "is_active": true}}, {"model": "ordersapp.order", "pk": 17, "fields": {"user": ["serg45"], "created": "2021-04-03T08:42:30.778Z", "updated": "2021-04-03T08:42:30.811Z", "status": "FM", "is_active": true}}, {"model": "ordersapp.orderitem", "pk": 1, "fields": {"order": 1, "product": 2, "quantity": 1}}, {"model": "ordersapp.orderitem", "pk": 2, "fields": {"order": 2, "product": 3, "quantity": 2}}, {"model": "ordersapp.orderitem", "pk": 3, "fields": {"order": 3, "product": 5, "quantity": 6}}, {"model": "ordersapp.orderitem", "pk": 4, "fields": {"order": 2, "product": 3, "quantity": 5}}, {"model": "ordersapp.orderitem", "pk": 5, "fields": {"order": 4, "product": 2, "quantity": 2}}, {"model": "ordersapp.orderitem", "pk": 6, "fields": {"order": 5, "product": 6, "quantity": 10}}, {"model": "ordersapp.orderitem", "pk": 7, "fields": {"order": 6, "product": 1, "quantity": 5}}, {"model": "ordersapp.orderitem", "pk": 8, "fields": {"order": 7, "product": 1, "quantity": 1}}, {"model": "ordersapp.orderitem", "pk": 9, "fields": {"order": 7, "product": 3, "quantity": 1}}, {"model": "ordersapp.orderitem", "pk": 10, "fields": {"order": 8, "product": 1, "quantity": 0}}, {"model": "ordersapp.orderitem", "pk": 11, "fields": {"order": 9, "product": 2, "quantity": 3}}, {"model": "ordersapp.orderitem", "pk": 12, "fields": {"order": 9, "product": 3, "quantity": 2}}, {"model": "ordersapp.orderitem", "pk": 13, "fields": {"order": 10, "product": 2, "quantity": 1}}, {"model": "ordersapp.orderitem", "pk": 14, "fields": {"order": 11, "product": 5, "quantity": 1}}, {"model": "ordersapp.orderitem", "pk": 15, "fields": {"order": 12, "product": 6, "quantity": 1}}, {"model": "ordersapp.orderitem", "pk": 16, "fields": {"order": 13, "product": 4, "quantity": 5}}, {"model": "ordersapp.orderitem", "pk": 17, "fields": {"order": 14, "product": 2, "quantity": 1}}, {"model": "ordersapp.orderitem", "pk": 18, "fields": {"order": 15, "product": 2, "quantity": 1}}, {"model": "ordersapp.orderitem", "pk": 19, "fields": {"order": 9, "product": 3, "quantity": 2}}, {"model": "ordersapp.orderitem", "pk": 20, "fields": {"order": 16, "product": 1, "quantity": 2}}, {"model": "ordersapp.orderitem", "pk": 21, "fields": {"order": 16, "product": 2, "quantity": 1}}, {"model": "ordersapp.orderitem", "pk": 22, "fields": {"order": 17, "product": 1, "quantity": 1}}, {"model": "social_django.usersocialauth", "pk": 2, "fields": {"user": ["kostenko_sergey"], "provider": "vk-oauth2", "uid": "76993", "extra_data": "{\"auth_time\": 1616005984, \"id\": 76993, \"expires\": 86400, \"access_token\": \"843f373764841cd36515307486e301539520864eee50303f66eee8f2cc63a58e83ae044427ba753853167\", \"token_type\": null}", "created": "2021-03-17T18:33:04.539Z", "modified": "2021-03-17T18:33:04.547Z"}}, {"model": "admin.logentry", "pk": 1, "fields": {"action_time": "2021-01-30T08:24:05.799Z", "user": ["sergei"], "content_type": ["authapp", "user"], "object_id": "2", "object_repr": "sergei1", "action_flag": 2, "change_message": "[{\"changed\": {\"fields\": [\"avatar\"]}}]"}}, {"model": "admin.logentry", "pk": 2, "fields": {"action_time": "2021-01-30T10:03:49.127Z", "user": ["sergei"], "content_type": ["authapp", "user"], "object_id": "3", "object_repr": "sergei2", "action_flag": 2, "change_message": "[{\"changed\": {\"fields\": [\"avatar\"]}}]"}}, {"model": "admin.logentry", "pk": 3, "fields": {"action_time": "2021-01-30T13:08:06.439Z", "user": ["sergei"], "content_type": ["authapp", "user"], "object_id": "2", "object_repr": "sergei1", "action_flag": 2, "change_message": "[{\"changed\": {\"fields\": [\"city\"]}}]"}}, {"model": "admin.logentry", "pk": 4, "fields": {"action_time": "2021-01-30T13:08:24.884Z", "user": ["sergei"], "content_type": ["authapp", "user"], "object_id": "2", "object_repr": "sergei1", "action_flag": 2, "change_message": "[{\"changed\": {\"fields\": [\"city\"]}}]"}}, {"model": "admin.logentry", "pk": 5, "fields": {"action_time": "2021-01-30T13:08:55.846Z", "user": ["sergei"], "content_type": ["authapp", "user"], "object_id": "5", "object_repr": "sergei4", "action_flag": 2, "change_message": "[{\"changed\": {\"fields\": [\"city\"]}}]"}}, {"model": "admin.logentry", "pk": 6, "fields": {"action_time": "2021-01-30T15:53:57.237Z", "user": ["sergei"], "content_type": ["authapp", "user"], "object_id": "3", "object_repr": "sergei2", "action_flag": 2, "change_message": "[{\"changed\": {\"fields\": [\"city\"]}}]"}}, {"model": "admin.logentry", "pk": 7, "fields": {"action_time": "2021-03-20T08:20:16.213Z", "user": ["admin2"], "content_type": ["ordersapp", "order"], "object_id": "5", "object_repr": "\u0422\u0435\u043a\u0443\u0449\u0438\u0439 \u0437\u0430\u043a\u0430\u0437: 5", "action_flag": 1, "change_message": "[{\"added\": {}}]"}}, {"model": "admin.logentry", "pk": 8, "fields": {"action_time": "2021-03-20T08:20:52.482Z", "user": ["admin2"], "content_type": ["ordersapp", "orderitem"], "object_id": "6", "object_repr": "OrderItem object (6)", "action_flag": 1, "change_message": "[{\"added\": {}}]"}}, {"model": "admin.logentry", "pk": 9, "fields": {"action_time": "2021-04-07T16:23:13.027Z", "user": ["admin2"], "content_type": ["mainapp", "productcategory"], "object_id": "1", "object_repr": "\u041d\u043e\u0432\u0438\u043d\u043a\u0438", "action_flag": 2, "change_message": "[{\"changed\": {\"fields\": [\"is_active\"]}}]"}}, {"model": "admin.logentry", "pk": 10, "fields": {"action_time": "2021-04-07T16:23:44.875Z", "user": ["admin2"], "content_type": ["mainapp", "productcategory"], "object_id": "1", "object_repr": "\u041d\u043e\u0432\u0438\u043d\u043a\u0438", "action_flag": 2, "change_message": "[{\"changed\": {\"fields\": [\"is_active\"]}}]"}}, {"model": "admin.logentry", "pk": 11, "fields": {"action_time": "2021-04-07T17:32:18.122Z", "user": ["admin2"], "content_type": ["authapp", "user"], "object_id": "42", "object_repr": "serg", "action_flag": 3, "change_message": ""}}]